word,wd_id,url,writing_books,tier,base_level
chemical fertiliser,27575,https://www.koolearn.com/dict/wd_27575.html,5,A,0
juvenile delinquency,81754,https://www.koolearn.com/dict/wd_81754.html,5,A,0
natural resources,99348,https://www.koolearn.com/dict/wd_99348.html,6,A,0
proliferation,118162,https://www.koolearn.com/dict/wd_118162.html,6,A,0
be indifferent to,14607,https://www.koolearn.com/dict/wd_14607.html,7,A,0
Cultural Heritage,37523,https://www.koolearn.com/dict/wd_37523.html,5,A,0
disposable income,44141,https://www.koolearn.com/dict/wd_44141.html,5,A,0
impulsive,75127,https://www.koolearn.com/dict/wd_75127.html,5,A,0
make a difference,90409,https://www.koolearn.com/dict/wd_90409.html,6,A,0
poach,114375,https://www.koolearn.com/dict/wd_114375.html,5,A,0
sustainable development,145859,https://www.koolearn.com/dict/wd_145859.html,7,A,0
well-rounded,164567,https://www.koolearn.com/dict/wd_164567.html,5,A,0
animal testing,6646,https://www.koolearn.com/dict/wd_6646.html,5,A,0
arms race,9040,https://www.koolearn.com/dict/wd_9040.html,5,A,0
biotechnology,17344,https://www.koolearn.com/dict/wd_17344.html,5,A,0
career path,24757,https://www.koolearn.com/dict/wd_24757.html,5,A,0
cloud computing,30199,https://www.koolearn.com/dict/wd_30199.html,5,A,0
household chores,72361,https://www.koolearn.com/dict/wd_72361.html,5,A,0
information explosion,77282,https://www.koolearn.com/dict/wd_77282.html,5,A,0
invest in,79277,https://www.koolearn.com/dict/wd_79277.html,5,A,0
irreversible damage,79724,https://www.koolearn.com/dict/wd_79724.html,5,A,0
take action,147227,https://www.koolearn.com/dict/wd_147227.html,6,A,0
coworker,35923,https://www.koolearn.com/dict/wd_35923.html,5,A,0
dietary habit,42655,https://www.koolearn.com/dict/wd_42655.html,5,A,0
fraudulent,59758,https://www.koolearn.com/dict/wd_59758.html,5,A,0
generalist,62448,https://www.koolearn.com/dict/wd_62448.html,5,A,0
mindset,94938,https://www.koolearn.com/dict/wd_94938.html,5,A,0
space race,139581,https://www.koolearn.com/dict/wd_139581.html,5,A,0
virtual world,162245,https://www.koolearn.com/dict/wd_162245.html,5,A,0
gender equality,62381,https://www.koolearn.com/dict/wd_62381.html,5,A,0
space exploration,139572,https://www.koolearn.com/dict/wd_139572.html,5,A,0
priority,117588,https://www.koolearn.com/dict/wd_117588.html,7,S,1
alternative,5183,https://www.koolearn.com/dict/wd_5183.html,7,S,1
approach,8195,https://www.koolearn.com/dict/wd_8195.html,9,S,0
potential,115840,https://www.koolearn.com/dict/wd_115840.html,9,S,0
artificial,9347,https://www.koolearn.com/dict/wd_9347.html,6,S,1
incentive,76150,https://www.koolearn.com/dict/wd_76150.html,8,S,2
feature,55292,https://www.koolearn.com/dict/wd_55292.html,6,S,0
poverty,115987,https://www.koolearn.com/dict/wd_115987.html,6,S,0
fundamental,60858,https://www.koolearn.com/dict/wd_60858.html,5,S,1
eliminate,48949,https://www.koolearn.com/dict/wd_48949.html,8,S,1
innovation,77688,https://www.koolearn.com/dict/wd_77688.html,8,S,2
budget,21718,https://www.koolearn.com/dict/wd_21718.html,9,S,0
discipline,43537,https://www.koolearn.com/dict/wd_43537.html,7,S,1
strategy,143247,https://www.koolearn.com/dict/wd_143247.html,7,S,0
community,32146,https://www.koolearn.com/dict/wd_32146.html,7,S,0
depression,41317,https://www.koolearn.com/dict/wd_41317.html,6,S,2
authority,11333,https://www.koolearn.com/dict/wd_11333.html,7,S,0
objective,102730,https://www.koolearn.com/dict/wd_102730.html,8,S,0
unique,158373,https://www.koolearn.com/dict/wd_158373.html,9,S,1
attitude,10986,https://www.koolearn.com/dict/wd_10986.html,6,S,0
promotion,118234,https://www.koolearn.com/dict/wd_118234.html,8,S,0
welfare,164485,https://www.koolearn.com/dict/wd_164485.html,7,S,0
maintain,90317,https://www.koolearn.com/dict/wd_90317.html,5,S,1
physical,112185,https://www.koolearn.com/dict/wd_112185.html,8,S,1
promote,118227,https://www.koolearn.com/dict/wd_118227.html,9,S,1
curriculum,37820,https://www.koolearn.com/dict/wd_37820.html,6,S,0
deteriorate,41868,https://www.koolearn.com/dict/wd_41868.html,6,S,0
feedback,55386,https://www.koolearn.com/dict/wd_55386.html,5,S,0
preserve,116977,https://www.koolearn.com/dict/wd_116977.html,9,S,0
stress,143388,https://www.koolearn.com/dict/wd_143388.html,8,S,0
dominant,45260,https://www.koolearn.com/dict/wd_45260.html,5,S,1
commercial,31927,https://www.koolearn.com/dict/wd_31927.html,7,S,0
consequence,33499,https://www.koolearn.com/dict/wd_33499.html,8,S,0
proportion,118432,https://www.koolearn.com/dict/wd_118432.html,5,S,0
resource,125703,https://www.koolearn.com/dict/wd_125703.html,6,S,0
barrier,13595,https://www.koolearn.com/dict/wd_13595.html,6,S,1
compensate,32288,https://www.koolearn.com/dict/wd_32288.html,5,S,1
mature,92360,https://www.koolearn.com/dict/wd_92360.html,6,S,1
alter,5140,https://www.koolearn.com/dict/wd_5140.html,6,S,0
release,124485,https://www.koolearn.com/dict/wd_124485.html,8,S,1
decline,39817,https://www.koolearn.com/dict/wd_39817.html,5,S,1
foster,59400,https://www.koolearn.com/dict/wd_59400.html,9,S,2
toxic,153497,https://www.koolearn.com/dict/wd_153497.html,6,S,2
conflict,33128,https://www.koolearn.com/dict/wd_33128.html,9,S,0
infrastructure,77329,https://www.koolearn.com/dict/wd_77329.html,9,S,0
ancestor,6182,https://www.koolearn.com/dict/wd_6182.html,6,S,1
stable,141324,https://www.koolearn.com/dict/wd_141324.html,5,S,1
stimulate,142627,https://www.koolearn.com/dict/wd_142627.html,8,S,1
diversity,44608,https://www.koolearn.com/dict/wd_44608.html,7,S,0
enormous,50432,https://www.koolearn.com/dict/wd_50432.html,5,S,0
guarantee,66520,https://www.koolearn.com/dict/wd_66520.html,7,S,0
landmark,84413,https://www.koolearn.com/dict/wd_84413.html,5,S,0
perspective,111192,https://www.koolearn.com/dict/wd_111192.html,5,S,0
recycle,123312,https://www.koolearn.com/dict/wd_123312.html,6,S,0
vulnerable,162958,https://www.koolearn.com/dict/wd_162958.html,6,S,0
prospect,118575,https://www.koolearn.com/dict/wd_118575.html,6,S,2
enhance,50319,https://www.koolearn.com/dict/wd_50319.html,7,S,0
illustrate,74336,https://www.koolearn.com/dict/wd_74336.html,5,S,0
pension,110401,https://www.koolearn.com/dict/wd_110401.html,5,S,0
sustainable,145858,https://www.koolearn.com/dict/wd_145858.html,5,S,0
architecture,8643,https://www.koolearn.com/dict/wd_8643.html,5,S,1
colleague,31234,https://www.koolearn.com/dict/wd_31234.html,8,S,1
content,33863,https://www.koolearn.com/dict/wd_33863.html,5,S,2
insight,77898,https://www.koolearn.com/dict/wd_77898.html,5,S,1
abuse,1002,https://www.koolearn.com/dict/wd_1002.html,7,S,0
ecosystem,47980,https://www.koolearn.com/dict/wd_47980.html,7,S,0
efficient,48310,https://www.koolearn.com/dict/wd_48310.html,5,S,0
exploit,53480,https://www.koolearn.com/dict/wd_53480.html,6,S,0
intelligence,78257,https://www.koolearn.com/dict/wd_78257.html,7,S,0
professional,117945,https://www.koolearn.com/dict/wd_117945.html,7,S,0
trigger,154791,https://www.koolearn.com/dict/wd_154791.html,6,S,0
exaggerate,52704,https://www.koolearn.com/dict/wd_52704.html,7,S,1
expand,53278,https://www.koolearn.com/dict/wd_53278.html,6,S,1
implement,74886,https://www.koolearn.com/dict/wd_74886.html,9,S,1
strain,143160,https://www.koolearn.com/dict/wd_143160.html,7,S,1
trend,154511,https://www.koolearn.com/dict/wd_154511.html,7,S,1
atmosphere,10737,https://www.koolearn.com/dict/wd_10737.html,5,S,0
function,60831,https://www.koolearn.com/dict/wd_60831.html,8,S,0
obligation,102753,https://www.koolearn.com/dict/wd_102753.html,7,S,0
shift,134587,https://www.koolearn.com/dict/wd_134587.html,6,S,0
sophisticated,139181,https://www.koolearn.com/dict/wd_139181.html,5,S,0
virtual,162236,https://www.koolearn.com/dict/wd_162236.html,5,S,0
steady,142071,https://www.koolearn.com/dict/wd_142071.html,6,S,2
benefit,16092,https://www.koolearn.com/dict/wd_16092.html,5,S,0
explore,53497,https://www.koolearn.com/dict/wd_53497.html,9,S,0
psychological,119110,https://www.koolearn.com/dict/wd_119110.html,9,S,0
traditional,153730,https://www.koolearn.com/dict/wd_153730.html,6,S,0
transform,154030,https://www.koolearn.com/dict/wd_154030.html,7,S,0
boost,19394,https://www.koolearn.com/dict/wd_19394.html,6,S,2
ignore,74154,https://www.koolearn.com/dict/wd_74154.html,6,S,3
ambition,5420,https://www.koolearn.com/dict/wd_5420.html,5,S,0
circumstance,29134,https://www.koolearn.com/dict/wd_29134.html,8,S,0
measure,92687,https://www.koolearn.com/dict/wd_92687.html,6,S,0
motivation,97304,https://www.koolearn.com/dict/wd_97304.html,6,S,0
nurture,102483,https://www.koolearn.com/dict/wd_102483.html,9,S,0
privacy,117631,https://www.koolearn.com/dict/wd_117631.html,6,S,0
substitute,144434,https://www.koolearn.com/dict/wd_144434.html,7,S,0
undermine,157617,https://www.koolearn.com/dict/wd_157617.html,8,S,0
vehicle,161090,https://www.koolearn.com/dict/wd_161090.html,6,S,0
urban,159986,https://www.koolearn.com/dict/wd_159986.html,7,S,1
employee,49578,https://www.koolearn.com/dict/wd_49578.html,5,S,1
impose,74970,https://www.koolearn.com/dict/wd_74970.html,7,S,1
phenomenon,111673,https://www.koolearn.com/dict/wd_111673.html,5,S,3
tension,149197,https://www.koolearn.com/dict/wd_149197.html,5,S,1
gender,62379,https://www.koolearn.com/dict/wd_62379.html,6,S,0
generate,62464,https://www.koolearn.com/dict/wd_62464.html,5,S,0
peak,109800,https://www.koolearn.com/dict/wd_109800.html,5,S,0
peer,110092,https://www.koolearn.com/dict/wd_110092.html,7,S,0
shortage,135042,https://www.koolearn.com/dict/wd_135042.html,6,S,1
expertise,53414,https://www.koolearn.com/dict/wd_53414.html,6,S,0
resort,125690,https://www.koolearn.com/dict/wd_125690.html,6,S,0
allocate,4869,https://www.koolearn.com/dict/wd_4869.html,5,S,2
economic,47914,https://www.koolearn.com/dict/wd_47914.html,5,S,3
intellectual,78246,https://www.koolearn.com/dict/wd_78246.html,6,S,1
principle,117537,https://www.koolearn.com/dict/wd_117537.html,6,S,2
regulate,124172,https://www.koolearn.com/dict/wd_124172.html,5,S,1
appropriate,8214,https://www.koolearn.com/dict/wd_8214.html,5,S,0
indicate,76641,https://www.koolearn.com/dict/wd_76641.html,6,S,0
isolated,79919,https://www.koolearn.com/dict/wd_79919.html,9,S,0
purchase,119793,https://www.koolearn.com/dict/wd_119793.html,5,S,0
security,132280,https://www.koolearn.com/dict/wd_132280.html,5,S,0
sponsor,140665,https://www.koolearn.com/dict/wd_140665.html,5,S,0
victim,161838,https://www.koolearn.com/dict/wd_161838.html,8,S,0
compromise,32538,https://www.koolearn.com/dict/wd_32538.html,6,S,1
establish,51854,https://www.koolearn.com/dict/wd_51854.html,5,S,1
moral,96908,https://www.koolearn.com/dict/wd_96908.html,6,S,2
artistic,9394,https://www.koolearn.com/dict/wd_9394.html,6,S,0
challenge,26861,https://www.koolearn.com/dict/wd_26861.html,6,S,0
communication,32119,https://www.koolearn.com/dict/wd_32119.html,5,S,0
contaminate,33821,https://www.koolearn.com/dict/wd_33821.html,6,S,0
coverage,35837,https://www.koolearn.com/dict/wd_35837.html,8,S,0
environment,50869,https://www.koolearn.com/dict/wd_50869.html,6,S,0
pose,115498,https://www.koolearn.com/dict/wd_115498.html,6,S,0
positive,115530,https://www.koolearn.com/dict/wd_115530.html,5,S,0
prohibit,118096,https://www.koolearn.com/dict/wd_118096.html,6,S,1
aggressive,3439,https://www.koolearn.com/dict/wd_3439.html,5,S,0
demanding,40735,https://www.koolearn.com/dict/wd_40735.html,5,S,0
detrimental,41946,https://www.koolearn.com/dict/wd_41946.html,7,S,0
experience,53387,https://www.koolearn.com/dict/wd_53387.html,7,S,0
lack,83908,https://www.koolearn.com/dict/wd_83908.html,5,S,0
responsibility,125771,https://www.koolearn.com/dict/wd_125771.html,6,S,0
restrict,125864,https://www.koolearn.com/dict/wd_125864.html,5,S,0
stability,141315,https://www.koolearn.com/dict/wd_141315.html,8,S,0
value,160658,https://www.koolearn.com/dict/wd_160658.html,5,S,0
significant,135791,https://www.koolearn.com/dict/wd_135791.html,5,S,1
acquire,1775,https://www.koolearn.com/dict/wd_1775.html,6,S,1
discharge,43521,https://www.koolearn.com/dict/wd_43521.html,6,S,1
facilitate,54151,https://www.koolearn.com/dict/wd_54151.html,5,S,1
deforestation,40289,https://www.koolearn.com/dict/wd_40289.html,6,S,0
export,53517,https://www.koolearn.com/dict/wd_53517.html,6,S,0
journalist,81294,https://www.koolearn.com/dict/wd_81294.html,6,S,0
advocate,2802,https://www.koolearn.com/dict/wd_2802.html,5,S,1
ban,12988,https://www.koolearn.com/dict/wd_12988.html,6,S,1
reverse,126360,https://www.koolearn.com/dict/wd_126360.html,6,S,1
trait,153856,https://www.koolearn.com/dict/wd_153856.html,6,S,1
character,27097,https://www.koolearn.com/dict/wd_27097.html,7,S,0
crime,36595,https://www.koolearn.com/dict/wd_36595.html,5,S,0
insomnia,77958,https://www.koolearn.com/dict/wd_77958.html,5,S,0
interaction,78335,https://www.koolearn.com/dict/wd_78335.html,8,S,0
motivate,97300,https://www.koolearn.com/dict/wd_97300.html,5,S,0
pollutant,114815,https://www.koolearn.com/dict/wd_114815.html,5,S,0
supervise,145417,https://www.koolearn.com/dict/wd_145417.html,6,S,0
confident,33071,https://www.koolearn.com/dict/wd_33071.html,6,S,2
breakthrough,20593,https://www.koolearn.com/dict/wd_20593.html,7,S,0
celebrity,26149,https://www.koolearn.com/dict/wd_26149.html,9,S,0
data,38987,https://www.koolearn.com/dict/wd_38987.html,5,S,0
ensure,50564,https://www.koolearn.com/dict/wd_50564.html,6,S,0
enthusiasm,50676,https://www.koolearn.com/dict/wd_50676.html,5,S,0
highlight,70673,https://www.koolearn.com/dict/wd_70673.html,5,S,0
horizon,71972,https://www.koolearn.com/dict/wd_71972.html,7,S,0
machinery,89813,https://www.koolearn.com/dict/wd_89813.html,5,S,0
obtain,102905,https://www.koolearn.com/dict/wd_102905.html,5,S,0
technology,148568,https://www.koolearn.com/dict/wd_148568.html,5,S,0
exterior,53682,https://www.koolearn.com/dict/wd_53682.html,5,S,1
revenue,126325,https://www.koolearn.com/dict/wd_126325.html,5,S,1
superficial,145249,https://www.koolearn.com/dict/wd_145249.html,6,S,1
tackle,146997,https://www.koolearn.com/dict/wd_146997.html,5,S,1
strengthen,143362,https://www.koolearn.com/dict/wd_143362.html,5,S,0
beneficial,16085,https://www.koolearn.com/dict/wd_16085.html,5,S,1
combine,31590,https://www.koolearn.com/dict/wd_31590.html,5,S,2
corrupt,35064,https://www.koolearn.com/dict/wd_35064.html,5,S,1
reflect,123778,https://www.koolearn.com/dict/wd_123778.html,5,S,1
awareness,11845,https://www.koolearn.com/dict/wd_11845.html,5,S,0
criteria,36707,https://www.koolearn.com/dict/wd_36707.html,5,S,0
deplete,41219,https://www.koolearn.com/dict/wd_41219.html,8,S,0
emotional,49511,https://www.koolearn.com/dict/wd_49511.html,6,S,0
exhaust,53106,https://www.koolearn.com/dict/wd_53106.html,7,S,0
represent,125217,https://www.koolearn.com/dict/wd_125217.html,5,S,0
competitive,32326,https://www.koolearn.com/dict/wd_32326.html,5,S,0
conserve,33526,https://www.koolearn.com/dict/wd_33526.html,8,S,0
constant,33636,https://www.koolearn.com/dict/wd_33636.html,5,S,0
creativity,36345,https://www.koolearn.com/dict/wd_36345.html,5,S,0
discrimination,43694,https://www.koolearn.com/dict/wd_43694.html,11,S,0
outcome,106042,https://www.koolearn.com/dict/wd_106042.html,6,S,0
whereas,164947,https://www.koolearn.com/dict/wd_164947.html,5,S,0
combat,31562,https://www.koolearn.com/dict/wd_31562.html,5,S,2
consume,33754,https://www.koolearn.com/dict/wd_33754.html,6,S,1
loyal,89046,https://www.koolearn.com/dict/wd_89046.html,6,S,1
acquisition,1784,https://www.koolearn.com/dict/wd_1784.html,5,S,0
imitate,74465,https://www.koolearn.com/dict/wd_74465.html,5,S,0
scandal,130723,https://www.koolearn.com/dict/wd_130723.html,5,S,0
advance,2670,https://www.koolearn.com/dict/wd_2670.html,5,S,1
digital,42777,https://www.koolearn.com/dict/wd_42777.html,5,S,2
criminal,36604,https://www.koolearn.com/dict/wd_36604.html,6,S,0
encourage,49867,https://www.koolearn.com/dict/wd_49867.html,5,S,0
import,74939,https://www.koolearn.com/dict/wd_74939.html,7,S,0
investment,79295,https://www.koolearn.com/dict/wd_79295.html,5,S,0
skyscraper,136862,https://www.koolearn.com/dict/wd_136862.html,9,S,0
virtue,162248,https://www.koolearn.com/dict/wd_162248.html,6,S,0
adolescent,2535,https://www.koolearn.com/dict/wd_2535.html,6,S,2
extravagant,53842,https://www.koolearn.com/dict/wd_53842.html,7,S,3
pursuit,119941,https://www.koolearn.com/dict/wd_119941.html,7,S,1
underestimate,157544,https://www.koolearn.com/dict/wd_157544.html,5,S,1
curiosity,37746,https://www.koolearn.com/dict/wd_37746.html,7,S,0
innocent,77674,https://www.koolearn.com/dict/wd_77674.html,6,S,0
labour,83825,https://www.koolearn.com/dict/wd_83825.html,5,S,0
policy,114707,https://www.koolearn.com/dict/wd_114707.html,5,S,0
replacement,125101,https://www.koolearn.com/dict/wd_125101.html,7,S,0
sacrifice,129263,https://www.koolearn.com/dict/wd_129263.html,6,S,0
spoil,140605,https://www.koolearn.com/dict/wd_140605.html,5,S,0
violence,162145,https://www.koolearn.com/dict/wd_162145.html,5,S,0
hinder,70781,https://www.koolearn.com/dict/wd_70781.html,5,S,1
impede,74743,https://www.koolearn.com/dict/wd_74743.html,5,S,1
cuisine,37448,https://www.koolearn.com/dict/wd_37448.html,5,S,0
curb,37695,https://www.koolearn.com/dict/wd_37695.html,5,S,0
hardship,68227,https://www.koolearn.com/dict/wd_68227.html,6,S,0
humanity,72677,https://www.koolearn.com/dict/wd_72677.html,9,S,0
integrity,78238,https://www.koolearn.com/dict/wd_78238.html,7,S,0
neglect,99741,https://www.koolearn.com/dict/wd_99741.html,6,S,0
surpass,145710,https://www.koolearn.com/dict/wd_145710.html,5,S,0
gorgeous,65043,https://www.koolearn.com/dict/wd_65043.html,5,S,1
safety,129373,https://www.koolearn.com/dict/wd_129373.html,5,S,2
dilemma,42882,https://www.koolearn.com/dict/wd_42882.html,5,S,0
enrich,50470,https://www.koolearn.com/dict/wd_50470.html,7,S,0
increase,76420,https://www.koolearn.com/dict/wd_76420.html,7,S,0
opponent,104868,https://www.koolearn.com/dict/wd_104868.html,5,S,0
overwhelming,107183,https://www.koolearn.com/dict/wd_107183.html,5,S,0
prosperous,118593,https://www.koolearn.com/dict/wd_118593.html,6,S,0
rewarding,126522,https://www.koolearn.com/dict/wd_126522.html,8,S,0
traffic,153752,https://www.koolearn.com/dict/wd_153752.html,5,S,0
deter,41858,https://www.koolearn.com/dict/wd_41858.html,5,S,0
dialect,42297,https://www.koolearn.com/dict/wd_42297.html,6,S,0
discourage,43640,https://www.koolearn.com/dict/wd_43640.html,6,S,0
talent,147548,https://www.koolearn.com/dict/wd_147548.html,7,S,0
youth,167836,https://www.koolearn.com/dict/wd_167836.html,5,S,0
degrade,40369,https://www.koolearn.com/dict/wd_40369.html,5,S,1
outlook,106195,https://www.koolearn.com/dict/wd_106195.html,7,S,3
burden,22178,https://www.koolearn.com/dict/wd_22178.html,7,S,0
clerk,29795,https://www.koolearn.com/dict/wd_29795.html,5,S,0
equality,51274,https://www.koolearn.com/dict/wd_51274.html,5,S,0
fashionable,54949,https://www.koolearn.com/dict/wd_54949.html,5,S,0
foundation,59450,https://www.koolearn.com/dict/wd_59450.html,5,S,0
global warming,63924,https://www.koolearn.com/dict/wd_63924.html,7,S,0
manufacturer,91395,https://www.koolearn.com/dict/wd_91395.html,5,S,0
stylish,143913,https://www.koolearn.com/dict/wd_143913.html,5,S,0
pressing,117076,https://www.koolearn.com/dict/wd_117076.html,5,S,3
popularity,115297,https://www.koolearn.com/dict/wd_115297.html,6,S,0
retirement,126078,https://www.koolearn.com/dict/wd_126078.html,6,S,0
universal,158432,https://www.koolearn.com/dict/wd_158432.html,5,S,0
spiritual,140429,https://www.koolearn.com/dict/wd_140429.html,5,S,2
disposable,44139,https://www.koolearn.com/dict/wd_44139.html,5,S,0
disseminate,44267,https://www.koolearn.com/dict/wd_44267.html,5,S,0
ethnic,52052,https://www.koolearn.com/dict/wd_52052.html,5,S,0
lenient,85959,https://www.koolearn.com/dict/wd_85959.html,5,S,0
retire,126074,https://www.koolearn.com/dict/wd_126074.html,5,S,0
solve,138921,https://www.koolearn.com/dict/wd_138921.html,5,S,0
reality,122555,https://www.koolearn.com/dict/wd_122555.html,6,S,1
adapt to,2101,https://www.koolearn.com/dict/wd_2101.html,8,S,0
adversity,2746,https://www.koolearn.com/dict/wd_2746.html,5,S,0
broaden,21140,https://www.koolearn.com/dict/wd_21140.html,5,S,0
creative,36339,https://www.koolearn.com/dict/wd_36339.html,7,S,0
fluctuation,58024,https://www.koolearn.com/dict/wd_58024.html,5,S,0
memorise,93321,https://www.koolearn.com/dict/wd_93321.html,6,S,0
punishment,119706,https://www.koolearn.com/dict/wd_119706.html,6,S,0
self-esteem,132711,https://www.koolearn.com/dict/wd_132711.html,7,S,0
censor,26256,https://www.koolearn.com/dict/wd_26256.html,6,S,2
cope with,34475,https://www.koolearn.com/dict/wd_34475.html,5,S,0
focus on,58306,https://www.koolearn.com/dict/wd_58306.html,8,S,0
life expectancy,86662,https://www.koolearn.com/dict/wd_86662.html,6,S,0
productive,117917,https://www.koolearn.com/dict/wd_117917.html,5,S,0
collect,31237,https://www.koolearn.com/dict/wd_31237.html,5,S,0
gossip,65096,https://www.koolearn.com/dict/wd_65096.html,6,S,0
infringe,77334,https://www.koolearn.com/dict/wd_77334.html,5,S,0
likewise,86945,https://www.koolearn.com/dict/wd_86945.html,5,S,0
misleading,95513,https://www.koolearn.com/dict/wd_95513.html,6,S,0
ozone layer,107415,https://www.koolearn.com/dict/wd_107415.html,5,S,0
prosperity,118589,https://www.koolearn.com/dict/wd_118589.html,6,S,0
telecommunication,148712,https://www.koolearn.com/dict/wd_148712.html,7,S,0
nutritious,102532,https://www.koolearn.com/dict/wd_102532.html,6,S,2
conversely,34226,https://www.koolearn.com/dict/wd_34226.html,5,S,0
in terms of,75706,https://www.koolearn.com/dict/wd_75706.html,6,S,0
offender,103459,https://www.koolearn.com/dict/wd_103459.html,6,S,0
shoulder,135119,https://www.koolearn.com/dict/wd_135119.html,5,S,0
unrealistic,158903,https://www.koolearn.com/dict/wd_158903.html,5,S,0
arduous,8705,https://www.koolearn.com/dict/wd_8705.html,5,S,0
censorship,26265,https://www.koolearn.com/dict/wd_26265.html,8,S,0
greenhouse effect,65880,https://www.koolearn.com/dict/wd_65880.html,8,S,0
individuality,76770,https://www.koolearn.com/dict/wd_76770.html,6,S,0
addiction,2159,https://www.koolearn.com/dict/wd_2159.html,5,S,0
addictive,2160,https://www.koolearn.com/dict/wd_2160.html,6,S,0
eco-friendly,47893,https://www.koolearn.com/dict/wd_47893.html,5,S,0
globalization,63927,https://www.koolearn.com/dict/wd_63927.html,6,S,0
ideology,73982,https://www.koolearn.com/dict/wd_73982.html,5,S,0
obese,102687,https://www.koolearn.com/dict/wd_102687.html,6,S,0
concentrate on,32696,https://www.koolearn.com/dict/wd_32696.html,5,S,0
deterrent,41895,https://www.koolearn.com/dict/wd_41895.html,6,S,0
punish,119699,https://www.koolearn.com/dict/wd_119699.html,5,S,0
schooling,131103,https://www.koolearn.com/dict/wd_131103.html,5,S,0
urbanisation,160000,https://www.koolearn.com/dict/wd_160000.html,5,S,0
balanced,12722,https://www.koolearn.com/dict/wd_12722.html,5,S,0
coexist,30875,https://www.koolearn.com/dict/wd_30875.html,5,S,0
lead to,85311,https://www.koolearn.com/dict/wd_85311.html,6,S,0
stem from,142253,https://www.koolearn.com/dict/wd_142253.html,6,S,0
mislead,95511,https://www.koolearn.com/dict/wd_95511.html,5,S,3
interfere with,78470,https://www.koolearn.com/dict/wd_78470.html,5,S,0
mentality,93469,https://www.koolearn.com/dict/wd_93469.html,7,S,0
relocate,124588,https://www.koolearn.com/dict/wd_124588.html,5,S,0
unhealthy,158186,https://www.koolearn.com/dict/wd_158186.html,5,S,0
artificial intelligence,9359,https://www.koolearn.com/dict/wd_9359.html,5,S,0
domestic violence,45237,https://www.koolearn.com/dict/wd_45237.html,6,S,0
have access to,68669,https://www.koolearn.com/dict/wd_68669.html,6,S,0
homework,71578,https://www.koolearn.com/dict/wd_71578.html,5,S,0
inhumane,77495,https://www.koolearn.com/dict/wd_77495.html,5,S,0
tax revenue,148277,https://www.koolearn.com/dict/wd_148277.html,9,S,0
inequality,76970,https://www.koolearn.com/dict/wd_76970.html,5,S,0
interdependent,78431,https://www.koolearn.com/dict/wd_78431.html,5,S,0
pornography,115372,https://www.koolearn.com/dict/wd_115372.html,5,S,0
traffic congestion,153757,https://www.koolearn.com/dict/wd_153757.html,5,S,0
upward,159927,https://www.koolearn.com/dict/wd_159927.html,5,S,0
commit a crime,31992,https://www.koolearn.com/dict/wd_31992.html,7,S,0
cybercrime,38185,https://www.koolearn.com/dict/wd_38185.html,5,S,0
in order to,75547,https://www.koolearn.com/dict/wd_75547.html,6,S,0
selfish,132827,https://www.koolearn.com/dict/wd_132827.html,5,S,1
financial aid,56481,https://www.koolearn.com/dict/wd_56481.html,6,S,0
job security,81035,https://www.koolearn.com/dict/wd_81035.html,5,S,0
multicultural,97946,https://www.koolearn.com/dict/wd_97946.html,5,S,0
