rel_path,name,depth,ext,size_bytes,mtime
Manager/AtriumCppTools/docs/BRANCH_MODEL.md,BRANCH_MODEL.md,4,.md,4891,2026-09-19T11:39:20+08:00
Manager/AtriumCppTools/docs/BUILD.md,BUILD.md,4,.md,7408,2026-09-19T11:43:38+08:00
Manager/AtriumCppTools/docs/BUILD_AND_TEST.md,BUILD_AND_TEST.md,4,.md,3338,2026-09-19T11:42:01+08:00
Manager/AtriumCppTools/docs/DECISIONS.md,DECISIONS.md,4,.md,7298,2026-09-19T11:59:24+08:00
Manager/AtriumCppTools/docs/DESIGN_PRINCIPLES.md,DESIGN_PRINCIPLES.md,4,.md,7059,2026-09-19T11:42:01+08:00
Manager/AtriumCppTools/docs/NAMING_AND_INTERFACES.md,NAMING_AND_INTERFACES.md,4,.md,5310,2026-09-19T11:39:21+08:00
Manager/AtriumCppTools/docs/STEWARD_CONTRACT.md,STEWARD_CONTRACT.md,4,.md,9513,2026-09-19T11:39:07+08:00
Manager/AtriumCppTools/tools/README.md,README.md,4,.md,1799,2026-09-19T10:55:32+08:00
Manager/AtriumCppTools/AGENTS.md,AGENTS.md,3,.md,6451,2026-09-19T11:42:09+08:00
Manager/AtriumCppTools/README.md,README.md,3,.md,25926,2026-09-19T11:58:07+08:00
Manager/AtriumNote/career/README.md,README.md,4,.md,1614,2026-09-21T12:48:21+08:00
Manager/AtriumNote/culture/games/README.md,README.md,5,.md,1961,2026-09-21T12:47:53+08:00
Manager/AtriumNote/culture/reading/README.md,README.md,5,.md,1969,2026-09-21T12:47:43+08:00
Manager/AtriumNote/culture/screen/README.md,README.md,5,.md,1758,2026-09-21T12:47:52+08:00
Manager/AtriumNote/culture/README.md,README.md,4,.md,2741,2026-09-21T12:48:51+08:00
Manager/AtriumNote/Docs/ARCHITECTURE_DESIGN.md,ARCHITECTURE_DESIGN.md,4,.md,9277,2026-09-21T12:49:41+08:00
Manager/AtriumNote/education/academics/courses/README.md,README.md,6,.md,2869,2026-09-21T12:48:51+08:00
Manager/AtriumNote/education/academics/README.md,README.md,5,.md,1916,2026-09-21T12:48:17+08:00
Manager/AtriumNote/education/language/README.md,README.md,5,.md,1002,2026-09-02T13:56:14+08:00
Manager/AtriumNote/education/study_abroad/application_materials/README.md,README.md,6,.md,957,2026-09-02T13:56:14+08:00
Manager/AtriumNote/education/study_abroad/README.md,README.md,5,.md,910,2026-09-02T13:56:14+08:00
Manager/AtriumNote/education/README.md,README.md,4,.md,1956,2026-09-21T12:48:21+08:00
Manager/AtriumNote/finance/README.md,README.md,4,.md,2416,2026-09-21T12:48:51+08:00
Manager/AtriumNote/inbox/README.md,README.md,4,.md,2005,2026-09-21T12:47:10+08:00
Manager/AtriumNote/journal/habits/README.md,README.md,5,.md,1979,2026-09-21T12:48:51+08:00
Manager/AtriumNote/journal/README.md,README.md,4,.md,3377,2026-09-21T12:47:20+08:00
Manager/AtriumNote/travel/README.md,README.md,4,.md,2325,2026-09-21T12:48:51+08:00
Manager/AtriumNote/AGENTS.md,AGENTS.md,3,.md,3588,2026-09-21T12:49:41+08:00
Manager/AtriumNote/README.md,README.md,3,.md,5347,2026-09-21T12:49:05+08:00
Manager/AtriumPyTools/tools/colorpicker/docs/ARCHITECTURE_DESIGN.md,ARCHITECTURE_DESIGN.md,6,.md,28582,2026-10-01T22:37:13+08:00
Manager/AtriumPyTools/tools/lexicon/docs/koolearn-layered-list.md,koolearn-layered-list.md,6,.md,8991,2026-10-05T00:50:51+08:00
Manager/AtriumPyTools/tools/lexicon/README.md,README.md,5,.md,12471,2026-10-05T00:50:51+08:00
Manager/AtriumPyTools/tools/markitdown/packages/markitdown/README.md,README.md,7,.md,1945,2026-09-28T14:25:28+08:00
Manager/AtriumPyTools/tools/markitdown/packages/markitdown-mcp/README.md,README.md,7,.md,5288,2026-09-28T14:25:28+08:00
Manager/AtriumPyTools/tools/markitdown/packages/markitdown-ocr/README.md,README.md,7,.md,7895,2026-09-28T14:25:28+08:00
Manager/AtriumPyTools/tools/markitdown/packages/markitdown-sample-plugin/README.md,README.md,7,.md,3597,2026-09-28T14:25:28+08:00
Manager/AtriumPyTools/tools/markitdown/CODE_OF_CONDUCT.md,CODE_OF_CONDUCT.md,5,.md,453,2026-09-28T14:25:28+08:00
Manager/AtriumPyTools/tools/markitdown/README.md,README.md,5,.md,18721,2026-09-28T14:25:28+08:00
Manager/AtriumPyTools/tools/markitdown/SECURITY.md,SECURITY.md,5,.md,2697,2026-09-28T14:25:28+08:00
Manager/AtriumPyTools/tools/notionsync/README.md,README.md,5,.md,20824,2026-10-05T00:08:01+08:00
Manager/AtriumPyTools/tools/repo_to_notion/README.md,README.md,5,.md,6191,2026-10-05T00:17:01+08:00
Manager/AtriumPyTools/tools/tarotdraw/data/guides/ETHEREAL VISIONS ICCUMINATED TAROT DECK.md,ETHEREAL VISIONS ICCUMINATED TAROT DECK.md,7,.md,20239,2026-08-07T13:29:08+08:00
Manager/AtriumPyTools/tools/tarotdraw/data/guides/THE UNIVERSAL WAITE® TAROT DECK.md,THE UNIVERSAL WAITE® TAROT DECK.md,7,.md,40752,2026-08-07T13:28:17+08:00
Manager/AtriumPyTools/tools/tarotdraw/data/guides/塔罗牌通用指南.md,塔罗牌通用指南.md,7,.md,13893,2026-08-07T13:28:44+08:00
Manager/AtriumPyTools/tools/tarotdraw/docs/ARCHITECTURE_DESIGN.md,ARCHITECTURE_DESIGN.md,6,.md,13019,2026-10-05T00:08:01+08:00
Manager/AtriumPyTools/tools/tarotdraw/README.md,README.md,5,.md,7643,2026-10-05T00:08:01+08:00
Manager/AtriumPyTools/README.md,README.md,3,.md,11361,2026-10-05T00:42:53+08:00
Manager/AtriumSteward/Docs/AGENT_ROLES.md,AGENT_ROLES.md,4,.md,5617,2026-09-30T11:08:45+08:00
Manager/AtriumSteward/Docs/AGENTS_ROLES.md,AGENTS_ROLES.md,4,.md,21859,2026-09-30T11:09:24+08:00
Manager/AtriumSteward/Docs/ARCHITECTURE_DESIGN.md,ARCHITECTURE_DESIGN.md,4,.md,14129,2026-09-19T11:38:04+08:00
Manager/AtriumSteward/Docs/WORKSPACE_SPECIFICATION.md,WORKSPACE_SPECIFICATION.md,4,.md,9648,2026-09-30T11:08:54+08:00
Manager/AtriumSteward/AGENTS.md,AGENTS.md,3,.md,5335,2026-09-30T11:09:11+08:00
Manager/AtriumSteward/README.md,README.md,3,.md,4677,2026-09-30T11:09:31+08:00
Manager/AtriumSteward/README_BRANCHES.md,README_BRANCHES.md,3,.md,3239,2026-09-19T11:38:51+08:00
Projects/ChestNut_Village/ARCHITECTURE_DESIGN.md,ARCHITECTURE_DESIGN.md,3,.md,17924,2026-09-12T18:39:44+08:00
Projects/ChestNut_Village/README.md,README.md,3,.md,2057,2026-09-12T18:39:44+08:00
Projects/ChestTarot/README.md,README.md,3,.md,1770,2026-08-07T14:00:50+08:00
Projects/ChromaCMS/Docs/Agents/AGENTS.md,AGENTS.md,5,.md,665,2026-09-14T08:40:34+08:00
Projects/ChromaCMS/Docs/To_Agents/to_tutor.md,to_tutor.md,5,.md,811,2026-09-16T12:07:13+08:00
Projects/ChromaCMS/Docs/ARCHITECTURE_DESIGN.md,ARCHITECTURE_DESIGN.md,4,.md,106955,2026-09-18T23:45:10+08:00
Projects/ChromaCMS/Docs/TODO.md,TODO.md,4,.md,10882,2026-10-01T22:04:22+08:00
Projects/ChromaCMS/AGENTS.md,AGENTS.md,3,.md,2091,2026-09-14T08:40:34+08:00
Projects/ChromaCMS/README.md,README.md,3,.md,10286,2026-09-18T22:41:53+08:00
Projects/NexusRenderer/Docs/ARCHITECTURE_DESIGN.md,ARCHITECTURE_DESIGN.md,4,.md,83116,2026-09-16T14:05:44+08:00
Projects/NexusRenderer/Docs/CODE_REVIEW_2026-09.md,CODE_REVIEW_2026-09.md,4,.md,51411,2026-09-16T14:05:44+08:00
Projects/NexusRenderer/README.md,README.md,3,.md,12357,2026-09-16T14:05:44+08:00
Projects/OpenGLRenderer/README.md,README.md,3,.md,11959,2026-07-17T12:49:11+08:00
Projects/OpenGLRenderer/TODO.md,TODO.md,3,.md,1904,2026-07-21T13:00:51+08:00
Projects/ShaderLearning/UnityBuildIn/README.md,README.md,4,.md,56,2026-09-12T18:38:11+08:00
Projects/ShaderLearning/README.md,README.md,3,.md,43,2026-09-12T18:37:34+08:00
Projects/TheRuinsOfLogosAndEidos/Docs/.deepseek-share-j81auhd6.md,.deepseek-share-j81auhd6.md,4,.md,98759,2026-10-04T15:12:00+08:00
